{"training_losses": [3.3607792052547487, 3.342200115367023, 3.340946935974391, 3.339562617923658, 3.17470381674865, 2.898713329900331, 2.7714771844644464, 2.7054002513576045, 2.610533969943854, 2.451896659392523, 2.2539570591794353, 2.096670643769886, 1.9816981663042816, 1.8586259588027774, 1.7692031002325999, 1.6633195321468477, 1.5619500363822532, 1.468239478129553, 1.37632485705491, 1.1818671859471144, 1.12681115658234, 1.1004164129231884, 1.075429981437053, 1.0537127878813617, 1.0277691133606046, 0.9943504178770172, 0.9862773787658826, 0.9858950355411631, 0.9836068666790088, 0.9843946491370862, 0.9789224632721735, 0.9784046729757371, 0.9764541990637428, 0.9757604064491294, 0.9743658928392911, 0.9711254198642607, 0.9724972321923855], "validation_losses": [3.470254177138919, 3.4592971744991483, 3.4266306105114164, 3.3987166427430653, 3.085139972823007, 2.859067224320911, 2.781648187410264, 2.7032669442040578, 2.5818404044423784, 2.3787779183614823, 2.202269514401754, 2.078419245424725, 2.051728083973839, 2.095610709417434, 2.0565619270006814, 2.0858021123068675, 2.0965408143543063, 2.109565800144559, 2.2069650207247054, 2.1965611690566655, 2.2198025782903037, 2.2347305700892495, 2.249492897873833, 2.2826826600801375, 2.26788543235688, 2.288925139676957, 2.292964818931761, 2.295511103811718, 2.300362819717044, 2.299935738245646, 2.3027541836102805, 2.3032041447503224, 2.303119040670849, 2.3036202901885625, 2.3038532052721297, 2.304342894327073, 2.3042343258857727], "train_acc": [0.017629977876106196, 0.018229166666666668, 0.019519727138643066, 0.030789085545722714, 0.1083379424778761, 0.2163532448377581, 0.2531572640117994, 0.26733038348082594, 0.2795907079646018, 0.3076143067846608, 0.3387951696165192, 0.35331397492625366, 0.35861449115044247, 0.3668648598820059, 0.3694690265486726, 0.3795630530973451, 0.3941049041297935, 0.40924594395280234, 0.42821257374631266, 0.47610158554572274, 0.49518344395280234, 0.5070980825958702, 0.520902470501475, 0.5301898967551623, 0.5377488938053098, 0.5493869837758112, 0.5522446533923304, 0.5546644542772862, 0.5536273967551623, 0.5546414085545722, 0.5564850663716814, 0.5585361356932154, 0.5586744100294986, 0.5577295353982301, 0.5581904498525073, 0.559434918879056, 0.5592505530973452], "val_acc": [0.0035342261904761905, 0.06287202380952381, 0.0626860119047619, 0.004464285714285714, 0.33798363095238093, 0.2963169642857143, 0.30636160714285715, 0.29650297619047616, 0.32663690476190477, 0.33110119047619047, 0.3736979166666667, 0.34951636904761907, 0.3385416666666667, 0.33370535714285715, 0.3353794642857143, 0.3151041666666667, 0.3244047619047619, 0.3195684523809524, 0.3177083333333333, 0.3327752976190476, 0.33761160714285715, 0.3404017857142857, 0.3361235119047619, 0.33835565476190477, 0.33389136904761907, 0.33835565476190477, 0.3385416666666667, 0.33705357142857145, 0.33556547619047616, 0.3359375, 0.33444940476190477, 0.33444940476190477, 0.33426339285714285, 0.3346354166666667, 0.3346354166666667, 0.3346354166666667, 0.3346354166666667], "test_loss": 2.371377848443531, "test_acc": 0.3361235119047619, "args": {"dataset": "goemotions", "batch_size": 128, "epochs": 100, "device": "cuda", "output_name": "goemotions_trans_model.pt", "output_path": "final_models", "vocab_size": 30522, "embedding_dim": 128, "lstm_hidden_dim": 512, "dropout": 0.3, "n_layers": 3, "lr": 0.001, "dry_run": 0, "seed": 3423452, "test": 0, "n_workers": 4, "model_name": "transformer", "n_heads": 4, "job_id": 195643, "weight_decay": 0.0005, "trans_feedforward": 1024, "use_bert_embeddings": 0, "optimizer": "adam", "sgd_momentum": 0.2, "model_config": {"input_dim": 30522, "embedding_dim": 128, "num_classes": 28, "n_heads": 4, "n_layers": 3, "dropout": 0.3, "trans_feedforward": 1024, "embedding_weights": null}}}