{"training_losses": [2.532076739280273, 2.1022488237482255, 1.8293985385107079, 1.6729047048760024, 1.5913685331654057, 1.5381765777030878, 1.498436121462369, 1.466154538424669, 1.4400480081901437, 1.4124981319658172, 1.3883529690514624, 1.3687401719852887, 1.3465483153464168, 1.3231608653138873, 1.3057197560954585, 1.2892241935111077, 1.2622794069371743, 1.2382092725562486, 1.2196549933216916, 1.1954746666559428, 1.174390218075046, 1.1579269812522033, 1.1295857529724593, 0.9602274027897545, 0.9103002282722158, 0.8808324975250041, 0.859054803144967, 0.8363421538234812, 0.8114691070750751, 0.7588900695156559, 0.7508983040629587, 0.7445183079854577, 0.7375051859205803, 0.7343527254453451, 0.729592555392105, 0.7223519277607797, 0.7219859724727, 0.7219211190147737, 0.7198017902430531, 0.7205639867480174, 0.7186003824075063], "validation_losses": [2.2352642104739235, 1.9614987401735215, 1.7396381809597923, 1.6042056481043498, 1.5642459222248621, 1.5254424867175875, 1.5183126756123133, 1.5270874670573644, 1.4851741535323006, 1.507323634056818, 1.4791939883005052, 1.478179891904195, 1.4930853048960369, 1.4924628422373818, 1.514033590044294, 1.4769969497408186, 1.4715098908969335, 1.495609774476006, 1.505033274491628, 1.496092296781994, 1.5051331151099432, 1.5422563694772267, 1.5540170925004142, 1.588511191663288, 1.6128268383798146, 1.6510022225834073, 1.6650181668145316, 1.6876330063456582, 1.7250312878972007, 1.7577804043179466, 1.7708678557759239, 1.7842013381776356, 1.7965642667952038, 1.8044662589118594, 1.8093097323463077, 1.814577695869264, 1.8161992232004802, 1.817410029116131, 1.820332178047725, 1.820297638575236, 1.8211143641244798], "train_acc": [0.3422059365781711, 0.4505899705014749, 0.49241795722713866, 0.5150719026548672, 0.5322409660766961, 0.538371128318584, 0.549433075221239, 0.5577986725663717, 0.5607715707964602, 0.56452802359882, 0.5727783923303835, 0.5758434734513275, 0.578977691740413, 0.5837481563421829, 0.5883573008849557, 0.5910766961651918, 0.5972759955752213, 0.6043279867256637, 0.6091445427728613, 0.613799778761062, 0.6207826327433629, 0.6230641592920354, 0.6306922935103245, 0.6841583702064897, 0.7011891592920354, 0.7091399336283186, 0.7190726401179941, 0.7273230088495575, 0.7338910398230089, 0.7531342182890856, 0.756959808259587, 0.7569137168141593, 0.7613384955752213, 0.7606471238938053, 0.7626751474926253, 0.766132005899705, 0.7648414454277286, 0.7653714970501475, 0.7646570796460177, 0.7644957595870207, 0.7668925147492626], "val_acc": [0.42782738095238093, 0.4841889880952381, 0.5050223214285714, 0.5286458333333334, 0.5372023809523809, 0.5437127976190477, 0.5496651785714286, 0.5515252976190477, 0.5604538690476191, 0.5491071428571429, 0.5517113095238095, 0.5552455357142857, 0.55859375, 0.5558035714285714, 0.5459449404761905, 0.5628720238095238, 0.5604538690476191, 0.5494791666666666, 0.5515252976190477, 0.5565476190476191, 0.5554315476190477, 0.5483630952380952, 0.5390625, 0.5440848214285714, 0.5438988095238095, 0.5448288690476191, 0.5388764880952381, 0.5359002976190477, 0.5310639880952381, 0.5321800595238095, 0.5336681547619048, 0.5297619047619048, 0.5321800595238095, 0.5275297619047619, 0.5290178571428571, 0.5288318452380952, 0.5290178571428571, 0.5286458333333334, 0.5292038690476191, 0.5286458333333334, 0.5286458333333334], "test_loss": 1.866318410351163, "test_acc": 0.5226934523809523, "args": {"dataset": "goemotions", "batch_size": 128, "epochs": 100, "device": "cuda", "output_name": "goemotions_lstm_model.pt", "output_path": "checkpoints", "vocab_size": 30522, "emb_dim": 768, "hidden_dim": 64, "dropout": 0.3, "n_layers": 2, "lr": 0.001, "dry_run": 0, "seed": 3423452, "test": 0, "n_workers": 4, "model_name": "lstm", "n_heads": 4, "job_id": 192003, "weight_decay": 0.0001, "dim_feedforward": 2048, "use_bert_embeddings": 1, "optimizer": "adam", "momentum": 0.2}}