{"training_losses": [2.8010669394580314, 2.7879701574995104, 2.5174728171312, 2.2962027956954145, 2.168688193886681, 2.090380616947613, 2.0278397309744958, 1.9590986218072672, 1.9094298627875899, 1.8548968784225375, 1.7898183927423483, 1.7145516752845067, 1.643917634775505, 1.5677530512345577, 1.4842255822325174, 1.3954464309686756, 1.3096393965690185, 1.2211192756627514, 1.1451463045272152, 1.0789451875166203, 1.0152627533867649, 0.8206158881693815, 0.7754390343452273, 0.7513129227632618, 0.7323592867823125, 0.7158709826019309, 0.7003828763610143, 0.6704458218056896, 0.6679749103774012, 0.6662986048203302, 0.6649205028834948, 0.6636350929385442, 0.6616966176701155, 0.6576598438717272, 0.6582023831947011, 0.6579878295944855, 0.658324472584204, 0.6575115403067046, 0.6580010301771417], "validation_losses": [2.9222675391605923, 2.809019690468198, 2.404531257493155, 2.2582938954943703, 2.1459375421206155, 2.088881926877158, 2.022906028089069, 1.9756689667701721, 1.9391436889058067, 1.9055949591455006, 1.8354871954236711, 1.83404202688308, 1.8590300735973178, 1.8393725355466206, 1.8206521386191958, 1.8763545609655834, 1.877027295884632, 1.9206696521668207, 2.0820798533303395, 2.0926573219753446, 2.101766836075556, 2.1311089453243075, 2.169799526532491, 2.1950856702668324, 2.218411107858022, 2.234724121434348, 2.2716894632294062, 2.26511880329677, 2.2664140661557517, 2.2720018256278265, 2.2729777495066323, 2.2750231680415927, 2.2783310952640714, 2.2789123342150734, 2.2793805372147333, 2.2797813585826328, 2.280212706043607, 2.2805030913580033, 2.2808462466512407], "train_acc": [0.27696349557522126, 0.27813882743362833, 0.3330337389380531, 0.38878134218289084, 0.4216214970501475, 0.43676253687315636, 0.44515117994100295, 0.45884033923303835, 0.46628410766961653, 0.47400442477876104, 0.48299225663716816, 0.4928097345132743, 0.5074207227138643, 0.5224465339233039, 0.5362278761061947, 0.5547335914454278, 0.5764657079646017, 0.5996727507374632, 0.6187315634218289, 0.6373525073746312, 0.6540606563421829, 0.723843104719764, 0.7340984513274337, 0.7376705383480826, 0.7423949115044248, 0.7440311578171092, 0.7470962389380531, 0.7605088495575221, 0.7630438790560472, 0.7620759587020649, 0.7623294616519174, 0.7631360619469026, 0.763089970501475, 0.7660167772861357, 0.765786320058997, 0.7659245943952803, 0.765786320058997, 0.7655097713864307, 0.7656019542772862], "val_acc": [0.2736235119047619, 0.2736235119047619, 0.36960565476190477, 0.4109002976190476, 0.43173363095238093, 0.4460565476190476, 0.46000744047619047, 0.46056547619047616, 0.4693080357142857, 0.4752604166666667, 0.47563244047619047, 0.47023809523809523, 0.4577752976190476, 0.45889136904761907, 0.4681919642857143, 0.45200892857142855, 0.45703125, 0.4453125, 0.41015625, 0.4181547619047619, 0.42782738095238093, 0.42615327380952384, 0.41982886904761907, 0.41908482142857145, 0.41555059523809523, 0.41294642857142855, 0.4094122023809524, 0.41220238095238093, 0.41108630952380953, 0.41108630952380953, 0.41015625, 0.4107142857142857, 0.4094122023809524, 0.4095982142857143, 0.40922619047619047, 0.4094122023809524, 0.40904017857142855, 0.40848214285714285, 0.40904017857142855], "test_loss": 2.2803605028561185, "test_acc": 0.41629464285714285, "args": {"dataset": "goemotions", "batch_size": 128, "epochs": 100, "device": "cuda", "output_name": "goemotions_trans_model.pt", "output_path": "final_models", "vocab_size": 30522, "embedding_dim": 128, "lstm_hidden_dim": 512, "dropout": 0.3, "n_layers": 3, "lr": 0.001, "dry_run": 0, "seed": 3423452, "test": 0, "n_workers": 4, "model_name": "transformer", "n_heads": 4, "job_id": 195641, "weight_decay": 0.0005, "trans_feedforward": 1024, "use_bert_embeddings": 0, "optimizer": "adam", "sgd_momentum": 0.2, "model_config": {"input_dim": 30522, "embedding_dim": 128, "num_classes": 28, "n_heads": 4, "n_layers": 3, "dropout": 0.3, "trans_feedforward": 1024, "embedding_weights": null}}}