{"training_losses": [3.3621804608707935, 3.3429124425646126, 3.3420663970058295, 3.310929477742288, 2.9005740096787083, 2.7408624722191015, 2.6922069671934685, 2.634646410435702, 2.561361975726125, 2.428058224793381, 2.2936424034535006, 2.104307041407335, 1.9835668190390663, 1.8812866654016276, 1.7805487279695045, 1.6868104213810249, 1.5907993019506292, 1.4847243213723895, 1.395335401405627, 1.3111938452650311, 1.2311095574260813, 1.1572789497080103, 0.9801901677365148, 0.9423519641952177, 0.9146504423259634, 0.8983164478895587, 0.87830623201916, 0.8644662207558443, 0.8393222661496615, 0.8353181781142862, 0.8361953591878435, 0.8348991462966334, 0.8292337278876685, 0.8296296468174915, 0.828453214383055, 0.8231034048538995, 0.8238212471514677, 0.8249531663448761, 0.8222866700110534, 0.824461077254782], "validation_losses": [3.44027879124596, 3.4314880541392734, 3.418563757623945, 3.0388796159199307, 2.7854269459134056, 2.7123501754942394, 2.6733183605330333, 2.5687011168116616, 2.457669048082261, 2.3616585703123185, 2.1557376384735107, 2.081675643012637, 2.0479683932803927, 2.0333288056509837, 2.023916471572149, 2.0060676903951737, 2.0745472567422047, 2.0549074297859553, 2.151103451138451, 2.182728875251043, 2.2695489582561312, 2.2957115911302113, 2.326584103561583, 2.3664367709841048, 2.3774574058396474, 2.415714831579299, 2.439727939310528, 2.456042542344048, 2.459697260743096, 2.462671492780958, 2.4656982421875, 2.4680517315864563, 2.470035115877787, 2.4725469180515836, 2.4727684344564165, 2.4729877568426586, 2.473152373518263, 2.473548962956383, 2.4737961831546964, 2.4741980263165066], "train_acc": [0.01546367994100295, 0.018920538348082595, 0.017514749262536874, 0.06107116519174041, 0.253226401179941, 0.2832319321533923, 0.2799824852507375, 0.26797566371681414, 0.277009587020649, 0.29344118731563423, 0.306047197640118, 0.3378502949852507, 0.34778300147492625, 0.3629240412979351, 0.37161227876106195, 0.3802083333333333, 0.387905604719764, 0.4029775073746313, 0.42072271386430676, 0.4384679203539823, 0.45780328171091444, 0.4804802728613569, 0.5383019911504425, 0.5508158185840708, 0.5596884218289085, 0.5681231563421829, 0.5743455014749262, 0.5814205383480826, 0.5914684734513275, 0.5927359882005899, 0.5932890855457227, 0.5922520280235988, 0.5955014749262537, 0.5954784292035398, 0.5928051253687315, 0.5965385324483776, 0.5955936578171092, 0.5967689896755162, 0.5956627949852508, 0.5962619837758112], "val_acc": [0.0035342261904761905, 0.01488095238095238, 0.0027901785714285715, 0.13802083333333334, 0.26990327380952384, 0.1875, 0.19382440476190477, 0.19289434523809523, 0.31361607142857145, 0.26078869047619047, 0.33891369047619047, 0.34598214285714285, 0.3469122023809524, 0.33686755952380953, 0.3450520833333333, 0.3364955357142857, 0.33370535714285715, 0.3294270833333333, 0.32124255952380953, 0.3249627976190476, 0.31882440476190477, 0.32645089285714285, 0.3268229166666667, 0.33035714285714285, 0.3294270833333333, 0.33314732142857145, 0.33054315476190477, 0.32589285714285715, 0.3275669642857143, 0.33035714285714285, 0.33017113095238093, 0.3294270833333333, 0.3286830357142857, 0.32979910714285715, 0.33017113095238093, 0.33017113095238093, 0.33035714285714285, 0.33054315476190477, 0.3307291666666667, 0.33054315476190477], "test_loss": 2.551004659561884, "test_acc": 0.3372395833333333, "args": {"dataset": "goemotions", "batch_size": 128, "epochs": 100, "device": "cuda", "output_name": "goemotions_trans_model.pt", "output_path": "final_models", "vocab_size": 30522, "embedding_dim": 128, "lstm_hidden_dim": 512, "dropout": 0.3, "n_layers": 3, "lr": 0.001, "dry_run": 0, "seed": 3423452, "test": 0, "n_workers": 4, "model_name": "transformer", "n_heads": 4, "job_id": 195642, "weight_decay": 0.0005, "trans_feedforward": 1024, "use_bert_embeddings": 0, "optimizer": "adam", "sgd_momentum": 0.2, "model_config": {"input_dim": 30522, "embedding_dim": 128, "num_classes": 28, "n_heads": 4, "n_layers": 3, "dropout": 0.3, "trans_feedforward": 1024, "embedding_weights": null}}}