{"training_losses": [0.18702420875494613, 0.17821785582318192, 0.17693821630114084, 0.17703086490625944, 0.17746962868161015, 0.17728425295321973, 0.1768022535328483, 0.17684917281264867, 0.1765140294577136, 0.1787535528358056, 0.1765386288058319, 0.17664925522812, 0.17660757722212123, 0.1769712929537286, 0.17682482723743367, 0.17671710542076594, 0.17636669297174457, 0.17555781096800582, 0.17553406714812503, 0.17561396985472022, 0.17555342592718282, 0.17559264952808748, 0.17552745724782284, 0.17557338578747464, 0.17551525172926646, 0.17560217421808283, 0.17549146517659678, 0.17559816120635896, 0.17556961826109266, 0.1755263960883989, 0.1753903606882343, 0.17541870211303492, 0.1753837462756541, 0.17539186196409778, 0.17539593867989844, 0.17540228034317235, 0.17536639233494733, 0.17534520921188515, 0.17534439967566237, 0.17532523188627128, 0.17536843061382637, 0.17536517394892065], "validation_losses": [0.17673021116056423, 0.1932897316178812, 0.17583479067152327, 0.1771399180144675, 0.1759474976403028, 0.17584556154152642, 0.17795735318590755, 0.17576859104126571, 0.17632798294005123, 0.17627891777498036, 0.17570954767858935, 0.17694535353767726, 0.17778280603620206, 0.17735125279800612, 0.17958702035399102, 0.1764794571951092, 0.17605183873823296, 0.17561140124071464, 0.17561835181797564, 0.17592968640901782, 0.17586112625685782, 0.17565881932976274, 0.17557039773958896, 0.1754903151589608, 0.17589517563641796, 0.17555080017881838, 0.1755983242953596, 0.17557775606269296, 0.17550023124828512, 0.17564021601428387, 0.1755442693980358, 0.17553204682614157, 0.17553405079100778, 0.17570668039654913, 0.1755373390911803, 0.17552421940302076, 0.1755240839351768, 0.17552792134615575, 0.17552836442946906, 0.17552789956753553, 0.17553316770113914, 0.17552956303785205], "train_acc": [0.9568587662337662, 0.9576772186147187, 0.9576704545454545, 0.9576772186147187, 0.9576704545454545, 0.9576704545454545, 0.9576772186147187, 0.9576839826839827, 0.9576772186147187, 0.9576839826839827, 0.9576772186147187, 0.9576704545454545, 0.9576772186147187, 0.9576704545454545, 0.9576704545454545, 0.9576704545454545, 0.9576772186147187, 0.9576772186147187, 0.9576704545454545, 0.9576704545454545, 0.9576772186147187, 0.9576839826839827, 0.9576839826839827, 0.9576704545454545, 0.9576772186147187, 0.9576839826839827, 0.9576704545454545, 0.9576704545454545, 0.9576704545454545, 0.9576975108225109, 0.9576704545454545, 0.9576704545454545, 0.9576704545454545, 0.9576704545454545, 0.9576704545454545, 0.9576704545454545, 0.9576704545454545, 0.9576772186147187, 0.9576772186147187, 0.9576839826839827, 0.9576704545454545, 0.9576704545454545], "val_acc": [0.9576163967611336, 0.9576163967611336, 0.9576163967611336, 0.9576163967611336, 0.9576163967611336, 0.9576163967611336, 0.9576163967611336, 0.9576163967611336, 0.9576163967611336, 0.9576163967611336, 0.9576163967611336, 0.9576163967611336, 0.9576163967611336, 0.9576163967611336, 0.9576163967611336, 0.9576163967611336, 0.9576163967611336, 0.9576163967611336, 0.9576163967611336, 0.9576163967611336, 0.9576163967611336, 0.9576163967611336, 0.9576163967611336, 0.9576163967611336, 0.9576163967611336, 0.9576163967611336, 0.9576163967611336, 0.9576163967611336, 0.9576163967611336, 0.9576163967611336, 0.9576163967611336, 0.9576163967611336, 0.9576163967611336, 0.9576163967611336, 0.9576163967611336, 0.9576163967611336, 0.9576163967611336, 0.9576163967611336, 0.9576163967611336, 0.9576163967611336, 0.9576163967611336, 0.9576163967611336], "test_loss": 0.17473789919846452, "test_acc": 0.9578694331983806, "args": {"dataset": "goemotions", "batch_size": 128, "epochs": 100, "device": "cuda", "output_name": "goemotions_lstm_model.pt", "output_path": "final_models", "vocab_size": 30522, "embedding_dim": 768, "lstm_hidden_dim": 512, "dropout": 0.3, "n_layers": 3, "lr": 0.001, "dry_run": 0, "seed": 3423452, "test": 0, "n_workers": 4, "model_name": "lstm", "n_heads": 4, "job_id": 195723, "weight_decay": 0.0005, "trans_feedforward": 1024, "use_bert_embeddings": 1, "optimizer": "adam", "sgd_momentum": 0.2, "model_config": {"input_dim": 30522, "embedding_dim": 768, "hidden_size": 512, "n_layers": 3, "dropout": 0.3, "num_classes": 28, "embedding_weights": 