{"training_losses": [2.334820084867224, 1.930752998256402, 1.7088506098693803, 1.5058690443151468, 1.296160674024824, 1.0657491996928303, 0.8528318280315681, 0.6958145973077566, 0.5876359354957367, 0.5200335078359002, 0.3531288367017532, 0.31617817458501607, 0.299521087501253, 0.2882793421766399, 0.28258560373719815, 0.27908749544339195, 0.24990474408530908, 0.24827689209343057, 0.24659455952215337, 0.24637455064638525, 0.24579269111508115, 0.24548986765135705, 0.24186101969012821, 0.24144288493117047, 0.2416981224816809, 0.24040495808673115, 0.24103397337560456, 0.24153906515741771], "validation_losses": [2.0728333734330677, 1.8478976970627194, 1.760468874658857, 1.73384081749689, 1.7800567689396085, 1.8476734388442266, 1.9656968400591897, 2.032827771845318, 2.146931943439302, 2.2171558964820135, 2.572389611176082, 2.6904487836928594, 2.7462123405365717, 2.7880207811083113, 2.8451175576164607, 2.8593370687393915, 2.943500416619437, 2.9975853136607578, 3.041587920415969, 3.080178970382327, 3.1033819062369212, 3.124151184445336, 3.1274967136837186, 3.13077073437827, 3.133749002502078, 3.1370319582167125, 3.139850582395281, 3.1426520688193187], "train_acc": [0.38818215339233036, 0.46759771386430676, 0.5017053834808259, 0.5353060471976401, 0.5772492625368731, 0.6359006268436578, 0.6964417404129793, 0.7422335914454278, 0.7680448008849557, 0.7785075589970502, 0.8348543510324484, 0.8314666297935103, 0.8234928097345132, 0.8197594026548672, 0.811808628318584, 0.8086744100294986, 0.8420907079646017, 0.8427129424778761, 0.8430355825958702, 0.8419754793510325, 0.841214970501475, 0.8405466445427728, 0.8477830014749262, 0.8462158923303835, 0.8463772123893806, 0.8487739675516224, 0.8475064528023599, 0.8475755899705014], "val_acc": [0.44921875, 0.48084077380952384, 0.49609375, 0.5003720238095238, 0.49906994047619047, 0.49367559523809523, 0.48195684523809523, 0.4841889880952381, 0.48735119047619047, 0.47488839285714285, 0.48828125, 0.48660714285714285, 0.4875372023809524, 0.48995535714285715, 0.4908854166666667, 0.49014136904761907, 0.4888392857142857, 0.48921130952380953, 0.48976934523809523, 0.48976934523809523, 0.49014136904761907, 0.4890252976190476, 0.48939732142857145, 0.48939732142857145, 0.4890252976190476, 0.4890252976190476, 0.48921130952380953, 0.48939732142857145], "test_loss": 3.0988998072487965, "test_acc": 0.49572172619047616, "args": {"dataset": "goemotions", "batch_size": 128, "epochs": 100, "device": "cuda", "output_name": "goemotions_lstm_model.pt", "output_path": "final_models", "vocab_size": 30522, "embedding_dim": 128, "lstm_hidden_dim": 1024, "dropout": 0.3, "n_layers": 2, "lr": 0.001, "dry_run": 0, "seed": 3423452, "test": 0, "n_workers": 4, "model_name": "lstm", "n_heads": 4, "job_id": 192298, "weight_decay": 0.0001, "trans_feedforward": 2048, "use_bert_embeddings": 0, "optimizer": "adamW", "sgd_momentum": 0.2, "model_config": {"input_dim": 30522, "embedding_dim": 128, "hidden_size": 1024, "n_layers": 2, "dropout": 0.3, "num_classes": 28, "embedding_weights": null}}}