{"training_losses": [2.7589094195987136, 2.515627861232825, 2.213864831647403, 2.3904351830272605, 2.322688948310597, 2.1893829785182444, 2.183956187061021, 2.180829972238608, 2.178130563191125, 2.400953838942756, 2.1777127976988404, 2.177858068279817, 2.172655036646715, 2.3148387735578377, 2.111751843401244, 2.0945271858027286, 2.0873025985251012, 2.0811522938835787, 2.075857429961923, 2.073188509949496, 2.0686150753582027, 2.0675253837671077, 2.063882744648087, 2.062700629234314, 2.0605447165353197, 2.0585383524147556, 2.0570620908073978, 2.0545259672151484, 2.0534806629301796, 2.0507057834888847, 2.051297021583772, 2.0471346478017285, 2.03156988595573, 2.0283929298461323, 2.0262830576426545, 2.0251446921430842, 2.0255859752356167, 2.023642880920793, 2.0217348562789637, 2.022093781702955, 2.020742110068529, 2.020213510159036, 2.02035670465147, 2.018639601976939, 2.0177042339469344, 2.019175799065073, 2.017234409044326, 2.0161609434535808, 2.017447843413118, 2.014335248252036, 2.0141413880276007, 2.0114534046028703, 2.012014137292412, 2.01383330735942, 2.0121884190700423], "validation_losses": [2.3186359258345615, 2.1777429247098694, 2.1361042741885403, 3.0430501871148254, 2.1175836952625477, 2.1212813304775535, 2.1185588581571855, 2.0935853999338034, 2.123989347077201, 2.1324972679585588, 2.118759581581555, 2.1191945468447337, 2.117465034924417, 2.134067396568173, 2.052248369028539, 2.0456017142951244, 2.039264103022132, 2.035723183871297, 2.0327771342830894, 2.0288099232033936, 2.0304661989212036, 2.039588531839504, 2.0251010391447277, 2.02615310184259, 2.029704474617915, 2.020652540917259, 2.026332691373158, 2.0212287127726363, 2.027635423244272, 2.0239264307689275, 2.0208540580890797, 2.02449278134868, 2.0142352129696817, 2.0113109134352256, 2.013941876191661, 2.0122916345243103, 2.01088499385143, 2.0099220104178284, 2.009925426279076, 2.0105800196957686, 2.0119544532563953, 2.0115746294029457, 2.008308591666045, 2.0098568981076466, 2.010045990531827, 2.009246409184648, 2.013676714014124, 2.008593111862371, 2.0108148384486695, 2.0102533416002375, 2.0093433719603615, 2.009111946011767, 2.0098417541127147, 2.0095388320247825, 2.0089071390560136], "train_acc": [0.2796132262323944, 0.3209176936619718, 0.3714032240316901, 0.3407928036971831, 0.3508060079225352, 0.37473866637323944, 0.37534386003521125, 0.37548140404929575, 0.3770081426056338, 0.3380694322183099, 0.3761484925176056, 0.3763066681338028, 0.377015019806338, 0.35176881602112675, 0.38722078565140844, 0.389373349471831, 0.39004731514084506, 0.39094822843309857, 0.3925506161971831, 0.3928257042253521, 0.39375412632042256, 0.3929494938380282, 0.3944762323943662, 0.39413924955985913, 0.3947788292253521, 0.39492325044014087, 0.3945518816021127, 0.39604423415492956, 0.39627805897887325, 0.39684886663732394, 0.3970826914612676, 0.39731651628521125, 0.4005006602112676, 0.4007619938380282, 0.4011952574823944, 0.4000192561619718, 0.40059694102112675, 0.40149097711267606, 0.4014772227112676, 0.40250880281690143, 0.4022062059859155, 0.40143595950704225, 0.402556943221831, 0.4025363116197183, 0.4024606624119718, 0.40205490757042256, 0.40263259242957744, 0.4022337147887324, 0.4021855743838028, 0.4029695752640845, 0.40311399647887325, 0.4033478213028169, 0.40276325924295775, 0.4032996808978873, 0.40219932878521125], "val_acc": [0.3627507716049383, 0.3824266975308642, 0.39033564814814814, 0.26604295267489714, 0.3905606995884774, 0.39258616255144035, 0.3863811728395062, 0.3966692386831276, 0.3869598765432099, 0.38863168724279834, 0.3888567386831276, 0.3956404320987654, 0.3889210390946502, 0.38670267489711935, 0.4010416666666667, 0.40068801440329216, 0.4027456275720165, 0.40229552469135804, 0.40309927983539096, 0.4029706790123457, 0.4035172325102881, 0.40406378600823045, 0.4035493827160494, 0.40506044238683125, 0.4029385288065844, 0.4024562757201646, 0.4016525205761317, 0.40412808641975306, 0.4038065843621399, 0.401684670781893, 0.4018775720164609, 0.4070216049382716, 0.40596064814814814, 0.4062821502057613, 0.40657150205761317, 0.4064107510288066, 0.4063143004115226, 0.4064107510288066, 0.4069894547325103, 0.4071823559670782, 0.40579989711934156, 0.4074074074074074, 0.40788966049382713, 0.4073431069958848, 0.4073431069958848, 0.4071180555555556, 0.4054783950617284, 0.40769675925925924, 0.4069894547325103, 0.40650720164609055, 0.4073431069958848, 0.40747170781893005, 0.40692515432098764, 0.4072466563786008, 0.40756815843621397], "test_loss": 1.9949854288572146, "test_acc": 0.4105259773662551, "args": {"dataset": "goemotions", "batch_size": 128, "epochs": 100, "device": "cuda", "output_name": "goemotions_trans_model.pt", "output_path": "final_models", "vocab_size": 30522, "embedding_dim": 768, "lstm_hidden_dim": 512, "dropout": 0.25, "n_layers": 2, "lr": 0.001, "dry_run": 0, "seed": 3423452, "test": 0, "n_workers": 4, "model_name": "transformer", "n_heads": 8, "job_id": 195876, "weight_decay": 0.005, "trans_feedforward": 1024, "use_bert_embeddings": 1, "optimizer": "adam", "sgd_momentum": 0.2, "weighted_loss": 0, "model_config": {"input_dim": 30522, "embedding_dim": 768, "num_classes": 28, "n_heads": 8, "n_layers": 2, "dropout": 0.25, "trans_feedforward": 1024, "embedding_weights": 