{"training_losses": [2.5873836085508004, 2.07792554597939, 1.7776143884940134, 1.635864975529786, 1.5469245070201458, 1.4703048727856975, 1.4031116227484735, 1.3330201638483368, 1.2497754845998983, 1.1491879047194062, 1.0390389192420824, 0.9202486573770686, 0.61134887093288, 0.5192051031420716, 0.47340374508086913, 0.4393291098002487, 0.41594445810908764, 0.3973457740295602, 0.34473270353666097, 0.3404059079983945, 0.336956380918666, 0.3340660718689978, 0.3320367448361574, 0.3294317248472422, 0.3222630733409814, 0.3230637446881044, 0.3230572253201915, 0.32332126589651305, 0.3214100628739613, 0.32217674572735056], "validation_losses": [2.3365489812124345, 1.8540689860071455, 1.680042102223351, 1.631656459399632, 1.5792346483185178, 1.5556479408627464, 1.557557585693541, 1.5563986329805284, 1.5922551268622989, 1.613946801140195, 1.6740925993238176, 1.7433792778423853, 1.9202073897634233, 2.0029949120112827, 2.077705272606441, 2.120665255047026, 2.1949306839988347, 2.2331135131063915, 2.2848074436187744, 2.3085643223353793, 2.3300471107165017, 2.3385053674379983, 2.353028416633606, 2.365462254910242, 2.3674365423974537, 2.36858012846538, 2.3701457608313787, 2.371353927112761, 2.372395404747554, 2.3736039967763993], "train_acc": [0.3307752581120944, 0.4420630530973451, 0.4817247418879056, 0.5088265117994101, 0.5206489675516224, 0.5339463495575221, 0.5454692109144543, 0.5582595870206489, 0.5754977876106194, 0.600202802359882, 0.6247925884955752, 0.6604443215339233, 0.7665698746312685, 0.7831858407079646, 0.792957227138643, 0.7962758112094396, 0.7998478982300885, 0.8029360250737463, 0.8351539454277286, 0.833563790560472, 0.8349926253687315, 0.8336559734513275, 0.8349234882005899, 0.8343934365781711, 0.8412841076696165, 0.8415606563421829, 0.8407771017699115, 0.8385186209439528, 0.8438191371681416, 0.8418372050147492], "val_acc": [0.39341517857142855, 0.47544642857142855, 0.5027901785714286, 0.5113467261904762, 0.5225074404761905, 0.5286458333333334, 0.5228794642857143, 0.5267857142857143, 0.5206473214285714, 0.5158110119047619, 0.5087425595238095, 0.5098586309523809, 0.5016741071428571, 0.5020461309523809, 0.49069940476190477, 0.48995535714285715, 0.49441964285714285, 0.4869791666666667, 0.4877232142857143, 0.48790922619047616, 0.4880952380952381, 0.48790922619047616, 0.4880952380952381, 0.4875372023809524, 0.4877232142857143, 0.48790922619047616, 0.4875372023809524, 0.4875372023809524, 0.48735119047619047, 0.48790922619047616], "test_loss": 2.3457478199686324, "test_acc": 0.5042782738095238, "args": {"dataset": "goemotions", "batch_size": 128, "epochs": 100, "device": "cuda", "output_name": "goemotions_lstm_model.pt", "output_path": "final_models", "vocab_size": 30522, "embedding_dim": 768, "lstm_hidden_dim": 1024, "dropout": 0.3, "n_layers": 2, "lr": 0.001, "dry_run": 0, "seed": 3423452, "test": 0, "n_workers": 4, "model_name": "lstm", "n_heads": 4, "job_id": 192302, "weight_decay": 0.005, "trans_feedforward": 2048, "use_bert_embeddings": 1, "optimizer": "adamW", "sgd_momentum": 0.2, "model_config": {"input_dim": 30522, "embedding_dim": 768, "hidden_size": 1024, "n_layers": 2, "dropout": 0.3, "num_classes": 28, "embedding_weights": 