{"training_losses": [2.1854850050270733, 1.623114362578828, 1.484878367379, 1.3868992567765677, 1.292946836413887, 1.196407995041141, 1.0890980853443653, 0.9728837029068871, 0.8678796607836158, 0.772682216139318, 0.5244429923791801, 0.44962757878598913, 0.4112703490749573, 0.38956305956066883, 0.37157395341403365, 0.36012749699188895, 0.321053521998864, 0.3170886368966032, 0.3168398399884019, 0.3135953314800178, 0.3107749465468359, 0.31145370112056225, 0.3076615130039795, 0.30570773859467126, 0.30501350720899295, 0.30616465439486995, 0.3056478267398204, 0.30553856052480266], "validation_losses": [1.6955488210632688, 1.5834349195162456, 1.5360534219514757, 1.5107706955501012, 1.5353514097985768, 1.5616815090179443, 1.5737995249884469, 1.659219809940883, 1.7411675595101856, 1.7959272804714383, 1.9227853757994515, 2.0159064644858953, 2.052724199635642, 2.1135885261353993, 2.156612745353154, 2.1900242198081243, 2.2100743793305897, 2.225449346360706, 2.2333452020372664, 2.2428748721168157, 2.2567345102628074, 2.2622858371053423, 2.26298603557405, 2.2634410829771134, 2.2647566199302673, 2.265970758029393, 2.2672283252080283, 2.268933912118276], "train_acc": [0.40800147492625366, 0.5087343289085545, 0.53125, 0.5512767330383481, 0.5668095501474927, 0.5873202433628318, 0.6131775442477876, 0.6437822640117994, 0.676299778761062, 0.7044386061946902, 0.7953539823008849, 0.8070151179941003, 0.8110481194690266, 0.8135831489675516, 0.8151272123893806, 0.814873709439528, 0.8396017699115044, 0.8397400442477876, 0.838495575221239, 0.8394634955752213, 0.8426898967551623, 0.8407310103244838, 0.8425977138643068, 0.8453401548672567, 0.8437960914454278, 0.8422750737463127, 0.8440265486725663, 0.842551622418879], "val_acc": [0.4994419642857143, 0.5180431547619048, 0.5228794642857143, 0.5292038690476191, 0.5262276785714286, 0.5210193452380952, 0.5184151785714286, 0.5094866071428571, 0.5133928571428571, 0.5003720238095238, 0.5050223214285714, 0.5066964285714286, 0.5022321428571429, 0.5050223214285714, 0.5037202380952381, 0.5, 0.5027901785714286, 0.5027901785714286, 0.5031622023809523, 0.5011160714285714, 0.5022321428571429, 0.5016741071428571, 0.5014880952380952, 0.5014880952380952, 0.5016741071428571, 0.5020461309523809, 0.5024181547619048, 0.5020461309523809], "test_loss": 2.2626801814351762, "test_acc": 0.5109747023809523, "args": {"dataset": "goemotions", "batch_size": 128, "epochs": 100, "device": "cuda", "output_name": "goemotions_lstm_model.pt", "output_path": "final_models", "vocab_size": 30522, "embedding_dim": 768, "lstm_hidden_dim": 1024, "dropout": 0.3, "n_layers": 2, "lr": 0.001, "dry_run": 0, "seed": 3423452, "test": 0, "n_workers": 4, "model_name": "lstm", "n_heads": 4, "job_id": 192301, "weight_decay": 0.0001, "trans_feedforward": 2048, "use_bert_embeddings": 1, "optimizer": "adamW", "sgd_momentum": 0.2, "model_config": {"input_dim": 30522, "embedding_dim": 768, "hidden_size": 1024, "n_layers": 2, "dropout": 0.3, "num_classes": 28, "embedding_weights": 