{"training_losses": [1.0191559051716053, 0.9376776156784689, 0.9122520556507411, 0.8964306426746748, 0.8858285845499917, 0.8777944265123309, 0.8698947490699651, 0.8624707110435255, 0.8551876592935452, 0.848048819470206, 0.8418010260775898, 0.8350989076229576, 0.8282671028437255, 0.7869253301931566, 0.7778435076679988, 0.7722574757684457, 0.7685121510458486, 0.7595995182418166, 0.7587441943332751, 0.75837098579287], "validation_losses": [0.9561114122127664, 0.9298246837014635, 0.9164434994970049, 0.9078907799250974, 0.9145044757227593, 0.9191082047711452, 0.9011307346409765, 0.8988252102447848, 0.8961180628814134, 0.9132289153601736, 0.9052117339495955, 0.9063341335122809, 0.917081172712918, 0.9130527783497214, 0.9167193869651832, 0.9208172952013063, 0.9318643948714721, 0.9295388263434612, 0.9302268846868882, 0.9308528952410655], "train_acc": [0.5526334010339734, 0.5895264032496307, 0.6010355120630232, 0.6086614506400788, 0.6135274341457411, 0.6170932576317085, 0.6207821731905465, 0.6233421036435254, 0.6274791512801575, 0.6299217596011817, 0.63290866568193, 0.6365168020679468, 0.6390863490891187, 0.657128954332841, 0.6615044928606598, 0.6637624630723782, 0.6653049606105367, 0.6700382354751354, 0.670769094657804, 0.6704479012801575], "val_acc": [0.58434421182266, 0.596551724137931, 0.6045489532019704, 0.608736145320197, 0.6064963054187192, 0.6071351600985222, 0.6117302955665025, 0.6125, 0.6117302955665025, 0.608135775862069, 0.611537869458128, 0.6108066502463054, 0.6073737684729064, 0.6134621305418719, 0.6115455665024631, 0.6112145935960591, 0.6093211206896552, 0.6103833128078818, 0.6100446428571429, 0.6095366379310345], "test_loss": 0.9291427285243303, "test_acc": 0.6108373397435898, "args": {"dataset": "yelp", "batch_size": 128, "epochs": 20, "device": "cuda", "output_name": "yelp_transformer_model.pt", "output_path": "checkpoints", "vocab_size": 30522, "emb_dim": 768, "hidden_dim": 32, "dropout": 0.3, "n_layers": 2, "lr": 0.0001, "dry_run": 0, "seed": 3423452, "test": 0, "n_workers": 4, "model_name": "transformer", "n_heads": 16, "job_id": 191947, "weight_decay": 5e-05, "dim_feedforward": 2048}}