{"training_losses": [3.2566969986532777, 3.0564495499285176, 2.971866905899115, 2.9274063137635378, 2.8968113627232297, 2.876761836904875, 2.8574482626478437, 2.8442921447502054, 2.8353571276849423, 2.8282749363234347, 2.81914955272641, 2.8100713655142715, 2.8017139852466717, 2.7922893802464848, 2.779512413790528, 2.7686698917351977, 2.7582666924302006, 2.7432793613890527, 2.7291358470077247, 2.7177308839811407, 2.7074409177605534, 2.695865786201517, 2.678943356577779, 2.6591421460181897, 2.6354702031108697, 2.5968209723351707, 2.5527741611003876, 2.501125509155468, 2.449141505948255, 2.4036539085734057, 2.357854364623486, 2.313588928168928, 2.268959366624624, 2.2256449632031816, 2.181664758374993, 2.134566960410333, 2.0868355012695554, 2.0417934537563527, 1.9951219619579719, 1.9540329148441973, 1.9114003697751274, 1.8058858678584369, 1.7893174221398125, 1.7770219997201167, 1.7669253988375127, 1.7587203672024565, 1.7503552697074245, 1.7353213747412386, 1.7320249214978285, 1.732982291197273, 1.7317688668697653, 1.7296750918030739, 1.7296277429436293], "validation_losses": [3.1017645445380193, 2.994940462426394, 2.9311118812718018, 2.8935509650304976, 2.8733446352766374, 2.8521251089778947, 2.8356647432586293, 2.8261637962404103, 2.8200716874236433, 2.8149009506398266, 2.810220471134892, 2.7923616607493336, 2.785604626062966, 2.7749118461530395, 2.767989783620638, 2.75782626744651, 2.7476786399574435, 2.732532099931819, 2.721717482241093, 2.7142537513387546, 2.7043118673096957, 2.691190108350275, 2.6738270790979204, 2.65730270927335, 2.625395965183713, 2.58977278269858, 2.540052378619159, 2.4966426768911227, 2.472583700109411, 2.441571341620551, 2.409503372608389, 2.3876427004857317, 2.3786793162302717, 2.374851390658092, 2.3700418065114275, 2.3747286752418235, 2.3788398607277577, 2.3869213533009033, 2.393467574943731, 2.408057047996992, 2.4204834616233293, 2.4278096951574946, 2.432387119948619, 2.4377969007923768, 2.4428238103419173, 2.4468736471953214, 2.449647045429842, 2.451784094665276, 2.452723333374463, 2.4534624682532415, 2.4539608327449596, 2.4545024446989774, 2.455141068486029], "train_acc": [0.06967292033450705, 0.13567341549295775, 0.1668821522887324, 0.1777550066021127, 0.18123487015845072, 0.18643403389084506, 0.18998954665492956, 0.19602772887323944, 0.19861355633802816, 0.19967264524647887, 0.20227222711267606, 0.20302871919014084, 0.20913567341549297, 0.21252613336267606, 0.21731954225352113, 0.22106073943661972, 0.2198916153169014, 0.2257441131161972, 0.22858439700704225, 0.22762158890845072, 0.23321963028169015, 0.23689893265845072, 0.23961542693661972, 0.24453262544014084, 0.24617627640845072, 0.2523244938380282, 0.25928422095070425, 0.2673374229753521, 0.26932493397887325, 0.2733824823943662, 0.2770273987676056, 0.2785885233274648, 0.28194459727112675, 0.2837670554577465, 0.2872194102112676, 0.291442011443662, 0.2961322623239437, 0.3009119168133803, 0.30801606514084506, 0.3128576144366197, 0.3195903939260563, 0.3376980633802817, 0.3421132262323944, 0.3448434749119718, 0.34619828345070425, 0.3486121808978873, 0.3506203235035211, 0.3534812389964789, 0.3535362566021127, 0.35436839788732394, 0.35391450264084506, 0.3543133802816901, 0.35493232834507044], "val_acc": [0.11744470164609054, 0.13178369341563786, 0.18531378600823045, 0.17393261316872427, 0.17955889917695472, 0.18598894032921812, 0.19164737654320987, 0.19463734567901234, 0.1909722222222222, 0.1874678497942387, 0.19659850823045266, 0.19135802469135801, 0.19839891975308643, 0.21064814814814814, 0.21730324074074073, 0.21643518518518517, 0.23064557613168724, 0.22334747942386832, 0.23106352880658437, 0.23659336419753085, 0.23373199588477367, 0.23910108024691357, 0.2477173353909465, 0.23984053497942387, 0.25163966049382713, 0.2539866255144033, 0.2647247942386831, 0.26765046296296297, 0.26022376543209874, 0.2654963991769547, 0.26777906378600824, 0.2697723765432099, 0.2654320987654321, 0.26552854938271603, 0.26954732510288065, 0.2629243827160494, 0.26244212962962965, 0.26273148148148145, 0.2641139403292181, 0.26421039094650206, 0.26096322016460904, 0.2673611111111111, 0.26687885802469136, 0.26797196502057613, 0.2683577674897119, 0.26800411522633744, 0.268164866255144, 0.268261316872428, 0.2681005658436214, 0.26797196502057613, 0.268164866255144, 0.2682934670781893, 0.2684542181069959], "test_loss": 2.433304223504086, "test_acc": 0.2682934670781893, "args": {"dataset": "goemotions", "batch_size": 128, "epochs": 100, "device": "cuda", "output_name": "goemotions_trans_model.pt", "output_path": "final_models", "vocab_size": 30522, "embedding_dim": 128, "lstm_hidden_dim": 512, "dropout": 0.25, "n_layers": 3, "lr": 0.0001, "dry_run": 0, "seed": 3423452, "test": 0, "n_workers": 4, "model_name": "transformer", "n_heads": 4, "job_id": 195864, "weight_decay": 0.005, "trans_feedforward": 1024, "use_bert_embeddings": 0, "optimizer": "adam", "sgd_momentum": 0.2, "weighted_loss": 1, "model_config": {"input_dim": 30522, "embedding_dim": 128, "num_classes": 28, "n_heads": 4, "n_layers": 3, "dropout": 0.25, "trans_feedforward": 1024, "embedding_weights": null}}}