{"training_losses": [2.800972975109179, 2.784460027660944, 2.505578264725947, 2.2218381855691782, 2.1026917952703514, 2.0196027868265247, 1.969778818015152, 1.9271593990579117, 1.881359313089939, 1.8121232100292646, 1.7501572637783038, 1.6807185798268052, 1.60871718133797, 1.5373911927934945, 1.4656230805546133, 1.3813324424721147, 1.3004385788532133, 1.217069170643798, 1.014792206540572, 0.9677721847475103, 0.9390548704999738, 0.913733937571534, 0.8928520428044254, 0.8699041768512895, 0.8342666203996777, 0.8318890248779702, 0.8296170401713842, 0.8279157221141467, 0.8254723387130242, 0.8214900463731591, 0.8182002696315799, 0.8183954832828151, 0.8182205707274356, 0.8183509415581515, 0.8186223626488429, 0.8184858221220056], "validation_losses": [2.8815036671502248, 2.682121441477821, 2.322454123269944, 2.153164565563202, 2.087321411995661, 1.9999663858186632, 1.9699915335291909, 1.9396483500798543, 1.901817276364281, 1.8738884159496851, 1.822701939514705, 1.804441857905615, 1.854219606944493, 1.8307181341307504, 1.8141019287563505, 1.8596295146715074, 1.8943136050587608, 1.947103826772599, 1.9961328222638084, 2.007195313771566, 2.0386406921205067, 2.0490828724134538, 2.0917034518151056, 2.1067898585682823, 2.1057170317286538, 2.1043996072950817, 2.1068405508995056, 2.1101179889270236, 2.114146950699034, 2.1182572160448347, 2.1179281984056746, 2.1175398571150645, 2.1175249162174405, 2.117707601615361, 2.1179311757995967, 2.1182278933979215], "train_acc": [0.2769865412979351, 0.2783231932153392, 0.3379194321533923, 0.41355549410029496, 0.4375230457227139, 0.450751290560472, 0.45881729351032446, 0.4638643067846608, 0.46854258849557523, 0.480802912979351, 0.48815449852507375, 0.49691187315634217, 0.5103244837758112, 0.5258342551622419, 0.538209808259587, 0.5573377581120944, 0.5778945427728613, 0.6011246312684366, 0.667127581120944, 0.680885877581121, 0.6856793879056047, 0.6937223451327433, 0.6975018436578171, 0.7037702802359882, 0.7175055309734514, 0.7192339601769911, 0.7189574115044248, 0.7200175147492626, 0.7202249262536873, 0.7218381268436578, 0.7240505162241888, 0.7248571165191741, 0.7233591445427728, 0.7237739675516224, 0.7231517330383481, 0.7233130530973452], "val_acc": [0.2736235119047619, 0.30710565476190477, 0.3900669642857143, 0.43563988095238093, 0.44438244047619047, 0.45740327380952384, 0.46707589285714285, 0.46484375, 0.4622395833333333, 0.47228422619047616, 0.47414434523809523, 0.47507440476190477, 0.4544270833333333, 0.45498511904761907, 0.4719122023809524, 0.4544270833333333, 0.45033482142857145, 0.44047619047619047, 0.4337797619047619, 0.4367559523809524, 0.4298735119047619, 0.4298735119047619, 0.41982886904761907, 0.42336309523809523, 0.42354910714285715, 0.4244791666666667, 0.4220610119047619, 0.4213169642857143, 0.4205729166666667, 0.42075892857142855, 0.42020089285714285, 0.42038690476190477, 0.42001488095238093, 0.41982886904761907, 0.41982886904761907, 0.42001488095238093], "test_loss": 2.122487928186144, "test_acc": 0.42782738095238093, "args": {"dataset": "goemotions", "batch_size": 128, "epochs": 100, "device": "cuda", "output_name": "goemotions_trans_model.pt", "output_path": "final_models", "vocab_size": 30522, "embedding_dim": 128, "lstm_hidden_dim": 512, "dropout": 0.3, "n_layers": 3, "lr": 0.001, "dry_run": 0, "seed": 3423452, "test": 0, "n_workers": 4, "model_name": "transformer", "n_heads": 4, "job_id": 195644, "weight_decay": 0.0005, "trans_feedforward": 1024, "use_bert_embeddings": 0, "optimizer": "adam", "sgd_momentum": 0.2, "model_config": {"input_dim": 30522, "embedding_dim": 128, "num_classes": 28, "n_heads": 4, "n_layers": 3, "dropout": 0.3, "trans_feedforward": 1024, "embedding_weights": null}}}